index, value
0, 0.001251
1, 0.563585
2, 0.193304
3, 0.808740
0, 0.840188
1, 0.394383
2, 0.783099
3, 0.798440
4, 0.911647
0, 0.840188
1, 0.394383
2, 0.783099
3, 0.798440
4, 0.911647
