index, value
0, 0.001251
1, 0.563585
2, 0.193304
3, 0.808740
